_id,message_id,author_id,emoji,date_sent,date_received
1,12,12,тЭдя╕П,1673144678508,1673144679463
2,7,14,ЁЯШВ,1673146030484,1673146031755
3,30,11,тЭдя╕П,1673153121563,1673153122691
4,13,8,ЁЯШВ,1673349693826,1673349697308
5,56,14,ЁЯШВ,1673380117725,1673380119772
6,56,5,ЁЯШВ,1673380155536,1673380157703
7,60,14,ЁЯШВ,1673380936260,1673380938418
8,17,17,тЭдя╕П,1673456186319,1673457271196
9,66,5,тЭдя╕П,1673456302256,1673457271396
10,66,7,тЭдя╕П,1673459362934,1673459366631
11,75,14,ЁЯСН,1673461775385,1673461780415
12,18,14,тЭдя╕П,1673461884782,1673461885214
13,20,5,ЁЯШВ,1673462523334,1673462536187
15,21,7,ЁЯШВ,1673462844566,1673462893107
16,18,17,тЭдя╕П,1673479212035,1673479213129
17,22,14,тЭдя╕П,1673479628311,1673479629965
18,79,9,тЭдя╕П,1673480118144,1673480129022
19,82,14,тЭдя╕П,1673636203729,1673636249760
20,89,14,ЁЯШВ,1673637375483,1673637377069
21,96,14,ЁЯШВ,1673648527291,1673648528508
22,96,5,ЁЯШВ,1673649281224,1673649282845
23,99,14,ЁЯШВ,1673662373958,1673662376023
24,102,12,ЁЯШВ,1673662777957,1673662780068
25,108,14,ЁЯШВ,1673667433657,1673667436677
26,116,14,ЁЯШВ,1673726145848,1673726147055
27,118,11,ЁЯШВ,1673726404179,1673726405567
28,118,5,ЁЯШВ,1673726860193,1673726862645
29,127,11,тЭдя╕П,1673815225561,1673815227356
30,127,7,тЭдя╕П,1673815337158,1673815338896
31,127,8,тЭдя╕П,1673815571059,1673815572833
32,127,5,тЭдя╕П,1673815580934,1673815582294
33,127,14,тЭдя╕П,1673815755114,1673815756708
34,128,14,ЁЯСН,1673819939000,1673819940286
35,129,14,тЭдя╕П,1673819956006,1673819957079
36,130,11,ЁЯСН,1673820001739,1673820003116
37,131,14,тЭдя╕П,1673820017461,1673820019738
38,131,12,тЭдя╕П,1673820035648,1673820037273
39,130,2,ЁЯСН,1673820546610,1673820546610
40,132,14,тА╝я╕П,1673823950622,1673823971088
41,132,7,ЁЯШб,1673823996624,1673823997718
42,162,7,тЭдя╕П,1674313479923,1674313483059
43,164,14,ЁЯШВ,1674326736010,1674326849393
44,166,14,тЭдя╕П,1674326741003,1674326849434
45,168,5,ЁЯШВ,1674327817784,1674327818798
46,163,17,тЭдя╕П,1674336785317,1674336787243
47,169,61,ЁЯОЙ,1674340698560,1674340699559
48,169,12,тЭдя╕П,1674341577825,1674341578359
49,169,14,ЁЯе│,1674340774420,1674348232236
50,171,14,ЁЯжм,1674348262986,1674348263433
51,172,11,тЭдя╕П,1674397386977,1674397387519
52,174,14,тЭдя╕П,1674397603194,1674397615167
53,173,6,тЭдя╕П,1674397719544,1674397720193
54,175,14,ЁЯШВ,1674397734464,1674397734850
55,183,11,ЁЯШо,1674397937707,1674397938667
56,183,7,ЁЯШВ,1674397939103,1674397939391
57,183,14,тШая╕П,1674397940407,1674397940680
58,190,14,ЁЯТЩ,1674400836584,1674400837614
59,193,14,тЭдя╕П,1674419126782,1674419127115
60,193,7,тЭдя╕П,1674422534907,1674422536321
61,196,62,тЭдя╕П,1674435636131,1674435636719
64,196,14,ЁЯОо,1674437267740,1674437268222
65,196,12,тЭдя╕П,1674518517903,1674518518301
66,217,9,ЁЯШВ,1674595611067,1674595611659
67,220,7,тЭдя╕П,1674595738624,1674595739351
68,222,11,ЁЯСО,1674596050320,1674596050234
69,224,14,ЁЯШВ,1674596733256,1674596733134
70,226,6,ЁЯж┤,1674608706208,1674608706818
71,232,14,тЭдя╕П,1674695736015,1674695736118
72,234,12,тЭдя╕П,1674696502791,1674696503604
73,234,14,тЭдя╕П,1674696505052,1674696505507
74,232,5,тЭдя╕П,1674696643763,1674696644588
75,230,7,тЭдя╕П,1674734364256,1674734366492
76,268,12,ЁЯШв,1674762237333,1674762238084
77,268,5,ЁЯШо,1674762293790,1674762294057
78,287,11,ЁЯСО,1674781759510,1674781759858
79,287,6,ЁЯТг,1674781796309,1674781797572
80,294,12,тЭдя╕П,1674781942521,1674781943280
81,299,14,тЭдя╕П,1674782124431,1674782125021
82,313,7,тЭдя╕П,1674827482878,1674827483871
83,319,6,тЭдя╕П,1674828785918,1674828787341
84,319,17,тЭдя╕П,1674831404915,1674831407019
85,319,7,тЭдя╕П,1674831774757,1674831776877
86,341,7,ЁЯШ╡тАНЁЯТл,1674857595183,1674857596356
87,361,11,ЁЯджЁЯП╗тАНтЩВя╕П,1674858653385,1674858655034
88,363,8,ЁЯШВ,1674859024770,1674859026036
89,364,11,ЁЯШВ,1674859231240,1674859231959
90,370,14,тЭдя╕П,1674861453228,1674861454136
91,385,6,тЭдя╕П,1674866847982,1674866848826
92,386,14,тЭдя╕П,1674866861620,1674866862254
93,389,11,ЁЯСН,1674868309020,1674868309902
94,393,11,ЁЯСН,1674869458519,1674869459530
95,370,7,тЭдя╕П,1674875163161,1674875165156
96,372,7,тЭдя╕П,1674875173942,1674875174953
97,386,7,тЭдя╕П,1674875257111,1674875258656
98,389,7,ЁЯСН,1674875275039,1674875276520
99,345,12,тЭдя╕П,1674877924292,1674877926105
100,402,8,ЁЯШВ,1674920766578,1674920768115
101,402,6,тЭдя╕П,1674920813705,1674920814722
102,402,7,тЭдя╕П,1674928144602,1674928148088
103,404,7,тЭдя╕П,1675031564458,1675031565094
104,407,9,тЭдя╕П,1675031914413,1675031915055
105,404,14,тЭдя╕П,1675041955688,1675041957550
106,407,14,ЁЯСН,1675041976653,1675041977114
107,408,9,тЭдя╕П,1675042896508,1675042897088
108,420,7,тЭдя╕П,1675087738645,1675087740405
109,418,5,ЁЯШВ,1675087748170,1675087748464
110,423,7,ЁЯШВ,1675087834789,1675087835741
111,425,7,тЭдя╕П,1675088534515,1675088535030
112,427,8,ЁЯШВ,1675088538673,1675088538996
113,425,6,тЭдя╕П,1675088630763,1675088631088
114,413,12,ЁЯШВ,1675090656595,1675090665756
115,435,12,тЭдя╕П,1675090732688,1675090733816
116,419,14,ЁЯШВ,1675092110062,1675092111346
117,420,14,ЁЯШВ,1675092116669,1675092117594
118,422,14,ЁЯШВ,1675092127869,1675092128520
119,423,14,ЁЯШВ,1675092138588,1675092139343
120,425,17,тЭдя╕П,1675092908247,1675092909050
121,448,6,тЭдя╕П,1675176269863,1675176270795
122,461,6,тЭдя╕П,1675276889526,1675276890405
123,462,7,тЭдя╕П,1675276950289,1675276951236
124,460,7,тЭдя╕П,1675276963750,1675276964662
125,473,14,ЁЯШВ,1675277193157,1675277193974
126,465,11,ЁЯСН,1675278373908,1675278375488
127,478,10,ЁЯСО,1675297288246,1675297290409
128,480,8,ЁЯШо,1675347030207,1675347035958
129,481,14,ЁЯШВ,1675347384111,1675347385555
130,481,5,ЁЯШВ,1675347408680,1675347410112
131,482,14,тЭдя╕П,1675348138460,1675348139866
132,484,11,тЭдя╕П,1675348429967,1675348431644
133,486,11,ЁЯШм,1675349789666,1675349792801
134,484,6,тЭдя╕П,1675350201114,1675350204578
135,493,2,тЭдя╕П,1675382404344,1675382404344
136,493,14,тЭдя╕П,1675384631422,1675384633186
137,493,8,тЭдя╕П,1675387129634,1675387132912
138,500,14,тЭдя╕П,1675387191795,1675387193408
139,503,2,ЁЯШо,1675389770754,1675389770754
140,501,5,тЭдя╕П,1675392836738,1675392842421
141,511,9,ЁЯШВ,1675450196452,1675450197506
142,525,14,ЁЯОп,1675805531595,1675805533230
143,524,17,тЭдя╕П,1675819805557,1675819807111
144,525,17,тЭдя╕П,1675823854714,1675823855823
145,558,14,ЁЯШо,1675823893247,1675823894319
146,570,11,ЁЯСН,1675824131954,1675824133029
147,577,14,ЁЯСН,1675824256944,1675824258046
148,586,7,тЭдя╕П,1675825212390,1675825214597
149,628,11,ЁЯд┤,1675956413907,1675956415282
150,626,17,тЭдя╕П,1675956471255,1675956472715
151,638,10,ЁЯШВ,1675956643360,1675956644859
152,645,7,тЭдя╕П,1675962256708,1675962259493
153,646,11,ЁЯСН,1675963381189,1675963456292
154,647,5,ЁЯШВ,1675965345093,1675965347661
155,645,14,ЁЯШВ,1675970413348,1675970418368
157,647,14,тШая╕П,1675970430143,1675970431955
158,656,17,тЭдя╕П,1676037767725,1676037769868
159,661,5,тЭдя╕П,1676038802619,1676038805393
160,662,10,ЁЯе│,1676062760221,1676062762420
161,662,11,ЁЯе│,1676062842416,1676062844625
162,662,7,тЭдя╕П,1676063017708,1676063019811
163,662,14,тЭдя╕П,1676064263462,1676064266160
164,676,12,тЭдя╕П,1676073271927,1676073274529
165,703,12,тЭдя╕П,1676242532109,1676242857145
166,716,11,тЭдя╕П,1676255920122,1676255922367
167,717,14,ЁЯСН,1676258670938,1676258673624
168,720,14,ЁЯСН,1676297118324,1676297120941
169,724,8,тА╝я╕П,1676416131094,1676417093095
170,724,14,тЭдя╕П,1676416603299,1676417093247
171,724,7,тЭдя╕П,1676417260806,1676417262553
172,724,61,тЭдя╕П,1676420022412,1676420023796
173,739,14,тЭдя╕П,1676420584249,1676420585546
174,739,5,тЭдя╕П,1676420630216,1676420630831
175,743,14,ЁЯШЖ,1676420648343,1676420649179
176,744,14,ЁЯШЖ,1676420658983,1676420662615
177,749,61,ЁЯШВ,1676420897347,1676420898463
178,750,5,тЭдя╕П,1676420932198,1676420932972
179,750,9,тЭдя╕П,1676420938491,1676420939589
180,750,14,тЭдя╕П,1676420966311,1676420967106
181,751,14,ЁЯШВ,1676420972390,1676420973166
182,749,14,ЁЯШВ,1676420976061,1676420977053
183,752,14,тЭдя╕П,1676420980903,1676420981688
184,753,14,ЁЯШН,1676421057785,1676421058585
185,753,5,тЭдя╕П,1676421082087,1676421083245
186,739,6,тЭдя╕П,1676421575335,1676421576553
187,750,6,тЭдя╕П,1676421594554,1676421596152
188,745,11,ЁЯСН,1676421784422,1676421786309
189,749,7,тЭдя╕П,1676423783370,1676423784847
190,750,7,тЭдя╕П,1676423793119,1676423794001
191,757,14,тЭдя╕П,1676428416693,1676428418347
192,762,14,тЭдя╕П,1676467812463,1676467812639
193,762,12,тЭдя╕П,1676467852443,1676467852644
194,766,8,тЭдя╕П,1676468864945,1676468865456
195,764,14,тЭдя╕П,1676470102259,1676470102872
196,766,14,тЭдя╕П,1676470119789,1676470119714
197,772,10,ЁЯСН,1676472181009,1676472180445
198,777,14,ЁЯСН,1676472270184,1676472269637
199,772,7,ЁЯСН,1676472431475,1676472441684
200,777,7,ЁЯСН,1676472440631,1676472441901
201,781,14,ЁЯОп,1676472568280,1676472567515
202,784,14,ЁЯШВ,1676472712276,1676472711761
203,772,11,ЁЯСН,1676473731143,1676473731421
204,795,7,тЭдя╕П,1676475052478,1676475054125
205,798,7,ЁЯСН,1676475148755,1676475148835
206,789,14,ЁЯСН,1676475414575,1676475413885
207,791,14,ЁЯОп,1676475421857,1676475421231
208,795,14,ЁЯОп,1676475450428,1676475449712
209,797,14,ЁЯОп,1676475455549,1676475454820
210,802,14,ЁЯШВ,1676475475938,1676475475307
211,802,5,ЁЯШВ,1676475674318,1676475673776
212,807,10,ЁЯШВ,1676479136643,1676479138641
213,808,7,ЁЯШВ,1676479200171,1676479200234
214,818,14,тЭдя╕П,1676495427042,1676495427265
215,822,14,ЁЯШВ,1676512474799,1676512474224
216,823,11,тЭЧ,1676512566715,1676512566838
217,827,14,ЁЯШВ,1676513052853,1676513053585
218,822,6,ЁЯШВ,1676513061138,1676513061301
219,822,7,ЁЯШВ,1676515050393,1676515056382
220,822,12,тЭдя╕П,1676520877762,1676520877904
221,836,14,ЁЯШВ,1676588673877,1676588674193
222,838,14,ЁЯШо,1676588685449,1676588685264
223,848,14,тЭдя╕П,1676588720119,1676588720180
224,851,14,ЁЯОп,1676588735020,1676588734632
225,855,14,ЁЯШВ,1676592042622,1676592043208
226,859,14,ЁЯШВ,1676592966189,1676592966416
227,867,5,ЁЯШВ,1676593152413,1676593152415
228,862,14,ЁЯШВ,1676593301510,1676593302184
229,859,11,ЁЯкв,1676593421961,1676593422476
230,869,12,тЭдя╕П,1676595768493,1676595768187
231,879,5,ЁЯШВ,1676596853143,1676596853931
232,882,14,ЁЯШВ,1676596964651,1676596965531
233,873,6,тЭдя╕П,1676600167218,1676600166892
234,888,14,тЭдя╕П,1676652150467,1676652150836
235,888,7,тЭдя╕П,1676652238757,1676652241265
236,890,11,ЁЯСН,1676745062403,1676745075748
237,890,7,ЁЯСН,1676745364625,1676745365739
238,897,7,тЭдя╕П,1676745760737,1676745761574
239,901,7,тЭдя╕П,1676745804493,1676745805071
240,903,10,ЁЯШВ,1676745872417,1676745872993
241,900,14,тЭдя╕П,1676749930581,1676749933552
242,897,14,тЭдя╕П,1676749948934,1676749949448
243,913,14,ЁЯШВ,1676750033363,1676750034101
244,890,8,ЁЯСН,1676750290283,1676750304723
245,919,5,ЁЯШВ,1676750440153,1676750441044
246,919,10,ЁЯШВ,1676750500026,1676750500415
247,925,12,тЭдя╕П,1676751170320,1676751170487
248,919,2,ЁЯШВ,1676751204857,1676751204857
249,927,11,тЭдя╕П,1676752577200,1676752588722
250,929,14,тЭдя╕П,1677020761219,1677020763424
251,929,7,тЭдя╕П,1677020762183,1677020763449
252,929,12,тЭдя╕П,1677020824844,1677020826147
253,932,5,тЭдя╕П,1677020938549,1677020940383
254,934,9,ЁЯШВ,1677021613777,1677021615888
255,929,10,тЭдя╕П,1677022885640,1677022887715
256,929,62,тЭдя╕П,1677023505722,1677023508198
257,936,12,тЭдя╕П,1677097273046,1677097274323
258,942,5,ЁЯШВ,1677105510110,1677105511564
259,936,14,тЭдя╕П,1677109608509,1677109610203
260,937,14,ЁЯШВ,1677109616758,1677109618090
261,947,14,тЭдя╕П,1677370740335,1677370740672
262,950,14,ЁЯШВ,1677370754603,1677370754640
263,952,14,тЭдя╕П,1677370759472,1677370759634
264,952,5,тЭдя╕П,1677370766636,1677370766671
265,958,11,ЁЯСН,1677370801199,1677370801462
267,963,9,тЭдя╕П,1677370990119,1677370990265
268,964,7,ЁЯШВ,1677370993756,1677370994341
269,966,14,ЁЯШВ,1677371026227,1677371027698
270,966,7,тЭдя╕П,1677371033171,1677371033310
271,970,10,ЁЯСН,1677371057433,1677371057497
272,970,14,ЁЯШВ,1677371059779,1677371059881
273,969,14,тЭдя╕П,1677371062759,1677371063053
274,970,7,тЭдя╕П,1677371089361,1677371089677
275,952,12,тЭдя╕П,1677371097838,1677371098119
276,972,12,тЭдя╕П,1677371176416,1677371176556
277,980,7,тЭдя╕П,1677386934683,1677386935841
278,984,7,ЁЯШо,1677452948781,1677456001546
279,988,7,тЭдя╕П,1677524401094,1677524402267
280,988,5,тЭдя╕П,1677524431054,1677524431583
281,988,12,тЭдя╕П,1677524513064,1677524513577
282,995,5,ЁЯШВ,1677524655987,1677524656735
283,989,10,ЁЯШВ,1677524702005,1677524702666
284,1005,10,ЁЯШВ,1677524738674,1677524739298
285,1007,2,ЁЯТи,1677524739522,1677524739522
286,997,11,тЭдя╕П,1677525423511,1677525424033
287,1005,7,ЁЯШо,1677526398481,1677526401861
288,1006,7,ЁЯШЙ,1677526430112,1677526433152
289,1010,7,тЭдя╕П,1677526444354,1677526445533
290,1023,7,ЁЯШ│,1677526756063,1677526758033
291,1013,14,ЁЯжЧ,1677543017989,1677543018880
292,1048,10,тЭдя╕П,1677601740522,1677601742258
293,1048,12,тЭдя╕П,1677601774640,1677601775601
294,1048,5,ЁЯШВ,1677601791838,1677601793112
295,1046,17,ЁЯШВ,1677602283207,1677602285220
296,1071,5,ЁЯШВ,1677632375056,1677632376717
297,1074,10,тЭдя╕П,1677632610347,1677632613072
298,1074,12,тЭдя╕П,1677632756785,1677632758206
299,1074,17,тЭдя╕П,1677633109756,1677633110995
300,1071,7,тЭдя╕П,1677635052796,1677635054695
301,1083,8,тЭдя╕П,1677636652355,1677636653707
302,1099,10,ЁЯШВ,1677851911622,1677851913405
303,1099,6,тЭдя╕П,1677852069239,1677852071280
304,1104,5,ЁЯШВ,1677852132689,1677852134087
305,1115,14,тЭдя╕П,1677866321217,1677866323270
306,1115,7,тЭдя╕П,1677866381162,1677866383350
307,1117,10,тЭдя╕П,1677866703322,1677866706051
308,1131,7,ЁЯШВ,1677871859767,1677871862363
309,1131,17,тЭдя╕П,1677873521069,1677873524032
310,1131,5,ЁЯШВ,1677873909306,1677873911744
311,1131,14,ЁЯШВ,1677877082538,1677877086167
312,1157,7,тЭдя╕П,1678142849642,1678142853653
313,1158,8,тЭдя╕П,1678146434259,1678146440338
314,1160,10,ЁЯШВ,1678146483178,1678146485533
315,1158,14,тЭдя╕П,1678146556865,1678146559590
317,1160,14,ЁЯНС,1678146580949,1678146583177
318,1160,5,ЁЯШВ,1678147040955,1678147043870
320,1167,10,тЭдя╕П,1678147789121,1678147791346
321,1169,5,тЭдя╕П,1678147827258,1678147830105
322,1169,10,тЭдя╕П,1678147849477,1678147852943
323,1169,11,тЭдя╕П,1678147866261,1678147869730
324,1175,10,ЁЯШВ,1678148519864,1678148522310
325,1175,9,тЭдя╕П,1678148551050,1678148553498
326,1182,5,ЁЯШВ,1678148910298,1678148912836
327,1167,7,тЭдя╕П,1678148915870,1678148918113
328,1173,11,ЁЯСН,1678148916055,1678148918322
329,1178,5,ЁЯШВ,1678148924614,1678148927072
330,1177,5,ЁЯШВ,1678148927223,1678148929461
331,1169,14,тЭдя╕П,1678154322813,1678154338132
332,1203,12,тЭдя╕П,1678299369185,1678299382373
333,1215,11,тЭдя╕П,1678465005775,1678465007489
334,1221,14,ЁЯШВ,1678469945034,1678469947250
335,1221,12,тЭдя╕П,1678471587435,1678471593024
336,1235,11,тЭдя╕П,1678499225080,1678499226082
337,1261,9,тЭдя╕П,1678806755178,1678806757215
338,1263,9,тЭдя╕П,1678808637203,1678808640951
339,1266,12,тЭдя╕П,1678811218677,1678811220786
340,1266,5,тЭдя╕П,1678811314277,1678811317562
341,1266,7,тЭдя╕П,1678814953641,1678814958672
342,1269,11,тЭдя╕П,1678831823718,1678831826544
343,1269,10,тЭдя╕П,1678831866617,1678831868445
344,1269,14,тЭдя╕П,1678832085927,1678832088331
345,1280,14,ЁЯШВ,1678971869597,1678971872251
346,1280,7,ЁЯСО,1678972420107,1678972435831
347,1281,7,тЭдя╕П,1678972430114,1678972435892
348,1289,11,тЭдя╕П,1678973658651,1678973662569
349,1290,11,ЁЯШВ,1678973670660,1678973676094
350,1290,5,ЁЯШВ,1678983047101,1678983051541
351,1294,14,тЭдя╕П,1679190490948,1679190494009
352,1295,5,ЁЯСН,1679197392824,1679197393699
353,1298,7,тЭдя╕П,1679254130346,1679254133039
354,1300,7,тЭдя╕П,1679254137197,1679254138189
355,1302,10,тЭдя╕П,1679254607544,1679254608913
356,1298,5,ЁЯСН,1679258096578,1679258102259
357,1298,14,тЭдя╕П,1679263351554,1679263352707
358,1308,7,ЁЯСН,1679264803913,1679264804894
359,1319,7,тЭдя╕П,1679435976853,1679435977468
360,1320,7,тЭдя╕П,1679435985339,1679435985619
361,1322,14,тЭдя╕П,1679489932199,1679489933006
362,1322,9,тЭдя╕П,1679491282843,1679491920170
363,1322,10,тЭдя╕П,1679491382374,1679491920536
364,1323,14,ЁЯСН,1679496887104,1679496888581
365,1324,9,тЭдя╕П,1679498632089,1679498632779
366,1325,9,тЭдя╕П,1679504179144,1679504179893
367,1326,9,тЭдя╕П,1679504182006,1679504182340
368,1328,9,тЭдя╕П,1679507798077,1679507799035
369,1329,9,тЭдя╕П,1679507800128,1679507800556
370,1338,7,тЭдя╕П,1679530965966,1679530967900
371,1338,12,тЭдя╕П,1679533531311,1679533533233
372,1338,8,тЭдя╕П,1679537235790,1679537237925
373,1338,14,тЭдя╕П,1679537646665,1679537648542
374,1343,11,ЁЯШВ,1679587053974,1679587054260
375,1365,10,тЭдя╕П,1679595406265,1679595406844
376,1365,7,тЭдя╕П,1679595846522,1679595848285
377,1365,11,тЭдя╕П,1679595987230,1679595987938
378,1365,14,тЭдя╕П,1679596282057,1679596282901
379,1365,6,тЭдя╕П,1679596359778,1679596360589
380,1368,5,тЭдя╕П,1679596360168,1679596360664
381,1386,7,тЭдя╕П,1679598153233,1679598153979
382,1365,12,тЭдя╕П,1679600642535,1679600645657
383,1387,7,тЭдя╕П,1679613886299,1679613887217
384,1389,2,ЁЯОЙ,1679672626951,1679672626951
385,1393,9,тЭдя╕П,1679674610075,1679674611457
386,1389,7,тЭдя╕П,1679675429611,1679675430464
387,1399,7,ЁЯШо,1679677950135,1679677950741
388,1403,7,тЭдя╕П,1679677956937,1679677957457
389,1405,12,ЁЯШВ,1679677992490,1679677993155
390,1404,11,ЁЯСО,1679678020189,1679678020700
391,1403,10,тЭдя╕П,1679678214657,1679678215457
392,1414,6,тЭдя╕П,1679679790384,1679679791144
393,1414,7,тЭдя╕П,1679679907488,1679679910034
394,1417,12,ЁЯСН,1679680652691,1679680653328
395,1419,6,тЭдя╕П,1679680684086,1679680684646
396,1428,12,тЭдя╕П,1679680956146,1679680957437
397,1433,62,тЭдя╕П,1679681155041,1679681155717
398,1438,7,тЭдя╕П,1679681358631,1679681359796
399,1434,5,ЁЯСН,1679681439882,1679681441146
400,1426,8,ЁЯШВ,1679681610796,1679681611394
401,1420,11,ЁЯСН,1679686477585,1679686479879
402,1434,11,ЁЯСН,1679686882462,1679686883463
403,1447,7,тЭдя╕П,1679689701653,1679689702468
404,1492,7,тЭдя╕П,1679884740591,1679884744686
405,1505,2,ЁЯСН,1679932558187,1679932558187
406,1512,2,ЁЯСН,1679946601074,1679946601074
407,1551,10,ЁЯШВ,1680128403749,1680128406606
408,1559,10,тЭдя╕П,1680135341704,1680135344677
409,1558,10,тЭдя╕П,1680135348007,1680135349884
410,1558,14,тЭдя╕П,1680168771511,1680168775519
411,1559,14,тЭдя╕П,1680168775689,1680168777585
412,1566,7,ЁЯШо,1680179398119,1680179403717
413,1587,10,ЁЯШВ,1680182192344,1680182192261
414,1590,14,ЁЯШВ,1680200987988,1680200989332
415,1618,2,ЁЯСН,1680265180291,1680265180291
416,1621,11,тЭдя╕П,1680267876375,1680267875606
417,1623,2,ЁЯСА,1680269881010,1680269881010
418,1623,11,ЁЯШШ,1680270365484,1680270365452
419,1619,2,ЁЯдФ,1680273978137,1680273978137
420,1629,10,тЭдя╕П,1680311444887,1680311450825
421,1629,5,тЭдя╕П,1680311641157,1680311640657
422,1633,14,тЭдя╕П,1680312693567,1680312693522
423,1629,12,тЭдя╕П,1680312951394,1680312951333
424,1638,6,тЭдя╕П,1680388504451,1680388503994
425,1638,7,тЭдя╕П,1680393760947,1680393761556
426,1638,14,тЭдя╕П,1680397749279,1680397755619
427,1639,8,тЭдя╕П,1680398753693,1680398753389
428,1639,5,тЭдя╕П,1680400041645,1680400058421
429,1639,10,тЭдя╕П,1680400782976,1680400783036
430,1638,10,тЭдя╕П,1680400785357,1680400784917
431,1639,14,тЭдя╕П,1680404697733,1680404699670
432,1644,10,ЁЯШо,1680537011795,1680537012130
433,1644,8,тА╝я╕П,1680537089875,1680537091408
434,1644,14,тЭдя╕П,1680541487537,1680541489021
435,1649,14,тЭдя╕П,1680541509439,1680541509234
436,1654,2,ЁЯШо,1680562715509,1680562715509
437,1669,10,ЁЯе│,1680623159708,1680623159613
438,1669,7,тЭдя╕П,1680623790186,1680624207357
439,1669,11,тЭдя╕П,1680625866806,1680625876843
440,1669,14,тЭдя╕П,1680627191886,1680627193546
441,1675,6,тЭдя╕П,1680696753855,1680696756600
442,1674,6,тЭдя╕П,1680696759628,1680696759631
443,1679,7,тЭдя╕П,1680697242379,1680697244314
444,1690,7,тЭдя╕П,1680697727786,1680697728025
445,1693,9,тЭдя╕П,1680698027008,1680698027815
446,1700,7,тЭдя╕П,1680698378932,1680698379113
447,1703,7,ЁЯШВ,1680698712011,1680698712468
448,1712,12,тЭдя╕П,1680713442849,1680713443917
449,1712,10,ЁЯСН,1680714987981,1680714989650
450,1712,9,тЭдя╕П,1680716148603,1680716150132
451,1713,7,ЁЯШВ,1680747948756,1680747949019
452,1715,10,ЁЯШХ,1680900417424,1680900418197
453,1714,6,ЁЯШв,1680900469330,1680900470049
454,1717,5,ЁЯШВ,1680900964992,1680901005817
455,1725,11,ЁЯСиЁЯП╗тАНЁЯФм,1680902015774,1680902017335
456,1727,5,ЁЯШВ,1680902212952,1680902213497
457,1669,17,тЭдя╕П,1680906990975,1680906992061
458,1738,7,тЭдя╕П,1680912989397,1680912990063
459,1750,7,ЁЯШо,1681001750894,1681001753305
460,1761,2,тЭдя╕П,1681086373133,1681086373133
461,1771,7,тЭдя╕П,1681167526899,1681167526917
462,1775,2,ЁЯСН,1681167600670,1681167600670
463,1776,2,тЭдя╕П,1681167617101,1681167617101
464,1782,2,ЁЯСН,1681167805306,1681167805306
465,1786,7,тЭдя╕П,1681168084388,1681168085807
466,1788,14,тЭдя╕П,1681250625094,1681250636341
467,1790,10,тЭдя╕П,1681421748309,1681421750815
468,1790,14,тЭдя╕П,1681424851222,1681424853414
469,1793,12,ЁЯСН,1681480640293,1681480641028
470,1794,12,ЁЯШВ,1681480744651,1681480750728
471,1796,10,ЁЯСН,1681480766633,1681480767415
472,1811,2,ЁЯдФ,1681482918147,1681482918147
473,1813,2,тЭдя╕П,1681486517981,1681486517981
474,1814,2,тЭдя╕П,1681486519691,1681486519691
475,1815,2,тЭдя╕П,1681486521651,1681486521651
476,1816,2,тЭдя╕П,1681486523550,1681486523550
477,1812,2,тЭдя╕П,1681486528181,1681486528181
478,1817,2,тЭдя╕П,1681486678594,1681486678594
479,1818,2,тЭдя╕П,1681487800869,1681487800869
480,1819,2,тЭдя╕П,1681499018684,1681499018684
481,1820,8,тЭдя╕П,1681502616582,1681502617431
482,1820,7,тЭдя╕П,1681502625862,1681502627559
483,1820,14,тЭдя╕П,1681502654952,1681502706685
484,1820,12,тЭдя╕П,1681503733721,1681503736969
485,1820,5,тЭдя╕П,1681505547641,1681505549308
486,1820,2,тЭдя╕П,1681506232122,1681506232122
487,1831,11,тЭдя╕ПтАНЁЯФе,1681508097559,1681508098227
488,1821,14,тЭдя╕П,1681508154992,1681508155650
489,1831,7,тЭдя╕П,1681508160903,1681508161469
490,1831,8,тЭдя╕П,1681508207528,1681508211059
491,1831,14,тЭдя╕П,1681508210100,1681508211083
493,1849,2,ЁЯНФ,1681512173606,1681512173606
494,1850,11,ЁЯНХ,1681513413634,1681513414706
495,1850,7,тЭдя╕П,1681514378190,1681514378901
496,1849,7,тЭдя╕П,1681514381867,1681514382700
497,1850,2,ЁЯНХ,1681514533940,1681514533940
499,1849,14,ЁЯШН,1681557313297,1681557314185
500,1850,14,ЁЯдд,1681557323931,1681557324660
501,1856,2,ЁЯСН,1681567454082,1681567454082
502,1876,2,тЭдя╕П,1681676311459,1681676311459
503,1876,10,тЭдя╕П,1681676692742,1681676695834
504,1868,14,ЁЯШо,1681681181325,1681681185075
505,1876,14,тЭдя╕П,1681681187530,1681681188543
506,1884,11,тЭдя╕П,1681778461810,1681778464211
507,1885,2,тЭдя╕П,1681778583562,1681778583562
508,1885,7,тЭдя╕П,1681778881147,1681778882298
509,1888,2,ЁЯди,1681779032970,1681779032970
510,1908,10,ЁЯШВ,1681839310972,1681839312530
511,1912,8,ЁЯСН,1681839919768,1681839921153
512,1911,7,ЁЯСО,1681840024432,1681840086282
513,1912,7,ЁЯСН,1681840033870,1681840086304
514,1908,7,ЁЯШВ,1681840037713,1681840086324
515,1917,12,тЭдя╕П,1681912773032,1681912773105
516,1922,10,тЭдя╕П,1681928575254,1681928574818
517,1922,14,тЭдя╕П,1681953101634,1681953102342
518,1923,7,тЭдя╕П,1682010641518,1682010674966
519,1936,6,тЭдя╕П,1682011154457,1682011154019
520,1934,10,тЭдя╕П,1682011154650,1682011154217
521,1936,9,тЭдя╕П,1682011163836,1682011163472
522,1936,10,ЁЯШВ,1682011187939,1682011187544
523,1936,5,ЁЯШВ,1682011206794,1682011206298
524,1934,12,тЭдя╕П,1682011227058,1682011226592
526,1942,2,тШЭя╕П,1682011291919,1682011291919
527,1941,7,тШЭя╕П,1682011338270,1682011337783
528,1950,7,тЭдя╕П,1682011531709,1682011531318
529,1954,7,тЭдя╕П,1682011590565,1682011590212
530,1950,10,тЭдя╕П,1682011687924,1682011687713
531,1955,7,ЁЯШВ,1682011869773,1682011869395
532,1960,11,ЁЯСНЁЯП╗,1682011877332,1682011877045
533,1964,11,ЁЯСНЁЯП╗,1682011941844,1682011941203
534,1965,2,ЁЯСО,1682011965827,1682011965827
535,1968,7,тЭдя╕П,1682012011883,1682012011649
536,1970,7,тЭдя╕П,1682012052391,1682012053436
537,1975,10,ЁЯШВ,1682012156438,1682012156247
538,1967,11,ЁЯТА,1682012158751,1682012158227
539,1975,7,ЁЯШВ,1682012231742,1682012231721
540,1967,12,ЁЯШВ,1682012246496,1682012272187
541,1970,12,тЭдя╕П,1682012260030,1682012272208
542,1982,12,ЁЯСН,1682012380139,1682012379730
543,1982,5,ЁЯСН,1682012385137,1682012384729
544,1985,7,тЭдя╕П,1682013549853,1682013549978
545,1998,10,ЁЯСО,1682015668451,1682015668166
546,2012,9,тЭдя╕П,1682015879041,1682015938895
547,2026,10,тЭдя╕П,1682016061546,1682016061278
548,2026,12,тЭдя╕П,1682016080487,1682016080138
549,2029,8,тЭдя╕П,1682016122749,1682016185169
550,2033,8,ЁЯНГ,1682016397980,1682016398386
551,2037,8,ЁЯШВ,1682017806060,1682017805719
552,1965,14,ЁЯШВ,1682018015279,1682018014765
553,2037,5,ЁЯШВ,1682018067351,1682018067109
554,2037,9,ЁЯШВ,1682018161304,1682018160896
555,2038,14,тЭдя╕П,1682018258870,1682018290950
556,2037,2,ЁЯШВ,1682018678254,1682018678254
557,2037,7,ЁЯШВ,1682022628490,1682022629615
558,2049,8,ЁЯШВ,1682024472946,1682024474491
559,2050,10,тЭдя╕П,1682026126529,1682026126184
560,2050,14,тЭдя╕П,1682026146945,1682026206921
561,2050,5,тЭдя╕П,1682026156594,1682026206945
562,2050,7,тЭдя╕П,1682029682837,1682029684169
563,2061,7,тЭдя╕П,1682172189164,1682172204184
564,2078,2,ЁЯСН,1682196303294,1682196303294
565,2085,7,ЁЯСН,1682212332628,1682212340849
566,2087,7,тЭдя╕П,1682212835100,1682212835176
567,2090,7,тЭдя╕П,1682257125657,1682257127183
568,2099,2,тШЭя╕П,1682365572304,1682365572304
569,2101,2,ЁЯдФ,1682365757345,1682365757345
570,2102,7,тЭдя╕П,1682367170363,1682367180329
571,2137,10,ЁЯСН,1682379463509,1682379464280
572,2137,11,тЭдя╕П,1682379522937,1682379523456
573,2137,7,тЭдя╕П,1682384766507,1682384768329
574,2143,2,ЁЯСА,1682447480861,1682447480861
575,2150,7,тЭдя╕П,1682447913430,1682447914835
576,2151,10,ЁЯШВ,1682448068331,1682448069086
577,2151,12,тЭдя╕П,1682456991626,1682456993037
578,2152,12,ЁЯШВ,1682457003417,1682457004137
579,2152,6,тЭдя╕П,1682459929562,1682459931131
580,2155,14,тЭдя╕П,1682460031040,1682460031795
581,2160,5,тЭдя╕П,1682463468263,1682463483396
582,2143,16,ЁЯСН,1682463779267,1682463780775
583,2160,6,тЭдя╕П,1682468737372,1682468743394
584,2167,7,тЭдя╕П,1682475115129,1682475115988
585,2176,7,тЭдя╕П,1682514659787,1682514661259
586,2178,14,тЭдя╕П,1682601187043,1682601188343
587,2182,14,ЁЯШз,1682623807531,1682623808683
588,2184,14,тЭдя╕П,1682688000211,1682688012482
589,2185,11,тЭдя╕П,1682688044037,1682688045245
590,2188,5,ЁЯШВ,1682688555515,1682688556997
591,2186,14,тЭдя╕П,1682689837764,1682689840575
592,2188,14,ЁЯШВ,1682689846890,1682689848266
593,2188,2,ЁЯН▓,1682689872000,1682689872000
594,2191,14,ЁЯСО,1682689931958,1682689933170
595,2193,11,тЭдя╕П,1682723361842,1682723395155
596,2193,14,тЭдя╕П,1682726502802,1682726505505
597,2195,14,ЁЯШВ,1682726508848,1682726510129
598,2199,14,ЁЯОп,1682726536477,1682726537683
599,2203,14,тЭдя╕П,1682726580408,1682726582282
600,2209,7,тЭдя╕П,1682815428597,1682815428771
601,2219,7,ЁЯСН,1682886402665,1682886415544
602,2241,8,тЭдя╕П,1682982649113,1682982651592
603,2253,2,ЁЯСА,1682992255242,1682992255242
604,2268,10,ЁЯСН,1683128371478,1683128372682
605,2259,6,тЭдя╕П,1683136411145,1683136411363
606,2281,10,ЁЯШВ,1683140338016,1683140338138
607,2293,7,тЭдя╕П,1683162797801,1683162799145
608,2294,7,тЭдя╕П,1683201621559,1683201625448
609,2295,7,тЭдя╕П,1683201623966,1683201626347
610,2297,7,тЭдя╕П,1683201867729,1683201867762
611,2311,7,тЭдя╕П,1683224704442,1683224704565
612,2313,6,тЭдя╕П,1683224776958,1683224776947
613,2323,12,ЁЯСН,1683224856024,1683224855882
614,2333,11,тЭдя╕П,1683225086594,1683225086404
615,2336,11,ЁЯШВ,1683225111548,1683225111277
616,2336,5,ЁЯШВ,1683225117343,1683225117318
617,2344,6,тЭдя╕П,1683225689702,1683225691892
618,2355,5,ЁЯСЖ,1683226313518,1683226326401
619,2350,7,тЭдя╕П,1683226600800,1683226601217
620,2359,7,ЁЯСН,1683226643924,1683226644005
621,2366,11,тЭдя╕П,1683226752499,1683226752464
622,2366,2,ЁЯдЦ,1683226837809,1683226837809
623,2373,7,тЭдя╕П,1683226877172,1683226877066
624,2374,7,ЁЯШв,1683226928183,1683226928088
625,2375,7,тЭдя╕П,1683227630281,1683227630145
626,2381,2,ЁЯРЩ,1683227651197,1683227651197
627,2381,17,ЁЯСН,1683227651521,1683227651316
628,2388,11,тЭдя╕П,1683243198868,1683243198835
629,2391,11,ЁЯСН,1683245954695,1683245967499
630,2391,2,тШЭя╕П,1683245970663,1683245970663
631,2319,14,тЭдя╕П,1683246467856,1683246468427
632,2350,14,ЁЯОп,1683246701531,1683246702162
633,2359,14,ЁЯОп,1683246763702,1683246763664
634,2430,7,тЭдя╕П,1683307835213,1683307847383
635,2430,5,тЭдя╕П,1683307896131,1683307896295
636,2430,12,тЭдя╕П,1683307897847,1683307898187
637,2457,7,тЭдя╕П,1683392923703,1683392937713
638,2463,2,ЁЯдФ,1683395324486,1683395324486
639,2461,7,ЁЯСН,1683398981432,1683398984675
640,2474,7,тЭдя╕П,1683405590301,1683405591388
641,2483,8,тЭдя╕П,1683406567609,1683406568153
642,2534,14,тЭдя╕П,1683724993149,1683724994117
643,2534,10,ЁЯСН,1683725059086,1683725086809
644,2535,8,тЭдя╕ПтАНЁЯФе,1683725555906,1683725693567
645,2541,11,тЭдя╕П,1683735616527,1683735626408
646,2541,14,тЭдя╕П,1683740244232,1683740247219
647,2543,6,тЭдя╕П,1683744172932,1683744175516
648,2545,12,тЭдя╕П,1683751759152,1683751773392
649,2558,2,тШЭя╕П,1683822274047,1683822274047
650,2558,7,тЭдя╕П,1683824251397,1683824255848
651,2569,2,ЁЯд╖тАНтЩВя╕П,1683851435932,1683851435932
652,2594,11,ЁЯСНЁЯП╗,1683915943813,1683915945220
653,2606,12,тЭдя╕П,1683921907755,1683921909108
654,2607,14,ЁЯШВ,1683922090013,1683922091531
655,2607,5,ЁЯШВ,1683922215636,1683922242191
656,2620,7,тЭдя╕П,1683994817652,1683994820460
657,2620,6,тЭдя╕П,1683994837639,1683994886619
658,2620,14,тЭдя╕П,1683994861942,1683994886634
659,2608,17,тЭдя╕П,1684076875818,1684076879361
660,2637,2,тШЭя╕П,1684076955440,1684076955440
661,2671,14,тА╝я╕П,1684191859045,1684191921600
662,2673,8,тЭдя╕П,1684238849089,1684238851447
663,2674,14,тЭдя╕П,1684239184642,1684239187313
664,2676,14,тЭдя╕П,1684239339649,1684239341737
665,2677,14,тЭдя╕П,1684239342271,1684239344235
666,2678,14,тЭдя╕П,1684241367106,1684241369065
667,2679,14,тЭдя╕П,1684241369863,1684241371864
668,2673,12,тЭдя╕П,1684241799776,1684241821532
669,2681,14,тЭдя╕П,1684242129681,1684242131698
670,2673,7,тЭдя╕П,1684242138538,1684242143446
671,2673,11,тЭдя╕П,1684244362816,1684244366158
672,2682,14,тЭдя╕П,1684246284049,1684246341264
673,2692,17,ЁЯШо,1684263464677,1684263466760
674,2692,2,ЁЯШУ,1684263477516,1684263477516
675,2696,14,тЭдя╕П,1684281402692,1684281406121
676,2697,8,тЭдя╕П,1684281523082,1684281525220
677,2673,6,тЭдя╕П,1684284565403,1684284569556
678,2696,6,тЭдя╕П,1684284621817,1684284623862
679,2700,10,ЁЯСН,1684284939255,1684284941493
680,2696,12,тЭдя╕П,1684285356666,1684285359409
681,2697,12,ЁЯШВ,1684285359804,1684285361881
682,2699,14,тЭдя╕П,1684288954526,1684288957350
683,2700,14,ЁЯШВ,1684288964481,1684288966647
684,2703,14,тЭдя╕П,1684327121699,1684327120978
685,2702,2,тЭдя╕П,1684327125121,1684327125121
686,2709,7,ЁЯСО,1684368252012,1684368251699
687,2710,7,тЭдя╕П,1684368259664,1684368259251
688,2710,11,тЭдя╕П,1684369152701,1684369152193
689,2710,14,тЭдя╕П,1684376523604,1684376524106
690,2718,14,тЭдя╕П,1684418556042,1684418557109
691,2721,11,тЭдя╕П,1684420424615,1684420424745
692,2721,14,тЭдя╕П,1684422043220,1684422044172
693,2718,8,тЭдя╕П,1684434701383,1684434702658
694,2724,11,тЭдя╕П,1684441206531,1684441429382
695,2724,14,ЁЯШВ,1684444171074,1684444171848
696,2724,6,ЁЯШВ,1684457610137,1684457611058
697,2728,10,ЁЯШВ,1684518138524,1684518137914
698,2728,8,ЁЯШВ,1684518140770,1684518139980
699,2728,5,ЁЯШВ,1684518151082,1684518150324
700,2728,14,ЁЯШВ,1684518648807,1684518648075
701,2736,10,ЁЯСН,1684541192539,1684541192107
702,2760,7,тЭдя╕П,1684798275630,1684798326889
703,2776,7,тЭдя╕П,1684805401637,1684805402484
704,2784,6,тЭдя╕П,1684863395088,1684863395182
705,2795,10,ЁЯСН,1684864407095,1684864407319
706,2795,11,тЭдя╕П,1684865076642,1684865076712
707,2799,2,ЁЯСН,1684879352239,1684879352239
708,2801,7,ЁЯШб,1684955012559,1684955013998
709,2802,11,ЁЯдд,1684955072077,1684955072370
710,2825,11,ЁЯШВ,1684958621461,1684958622854
711,2837,2,тШЭя╕П,1684973833880,1684973833880
712,2840,9,тЭдя╕П,1684973885309,1684973885761
713,2844,7,тЭдя╕П,1684974111413,1684974111603
714,2850,9,тЭдя╕П,1684974236801,1684974237019
715,2871,9,тЭдя╕П,1684974466257,1684974481168
716,2883,11,ЁЯСН,1684974784539,1684974786035
717,2889,9,ЁЯШВ,1684976476357,1684976476618
718,2903,2,ЁЯРН,1684977140320,1684977140320
719,2905,9,тЭдя╕П,1684977179444,1684977179838
720,2895,14,тЭдя╕П,1684977840791,1684977841101
721,2908,8,тА╝я╕П,1685018728193,1685018728536
722,2908,14,тЭдя╕П,1685021943527,1685021947647
723,2922,14,тЭдя╕П,1685055198460,1685055201253
724,2922,9,тЭдя╕П,1685055343822,1685055344686
725,2925,5,ЁЯЩМ,1685055351362,1685055351713
726,2922,11,тЭдя╕П,1685055379594,1685055380110
727,2926,11,тЭдя╕П,1685056387652,1685056414759
728,2930,7,тЭдя╕П,1685056520503,1685056522631
729,2922,12,тЭдя╕П,1685059472901,1685059474224
730,2944,2,ЁЯШо,1685062208083,1685062208083
731,2945,8,тЭдя╕П,1685070492753,1685070493958
732,2951,7,тЭдя╕П,1685109512131,1685109514275
733,2963,7,тЭдя╕П,1685117698752,1685117700636
734,2971,7,тЭдя╕П,1685133158845,1685133161718
735,2972,7,тЭдя╕П,1685218988240,1685219050706
736,2984,7,тЭдя╕П,1685228896369,1685228897178
737,2985,8,тЭдя╕П,1685308827543,1685308830279
738,2985,14,тЭдя╕П,1685324097290,1685324100538
739,2985,11,тЭдя╕П,1685325335586,1685325665214
740,2990,2,тЭдя╕П,1685409487179,1685409487179
741,2990,7,тЭдя╕П,1685412109610,1685412116900
742,3020,7,ЁЯШо,1685571685138,1685571686925
743,3020,2,ЁЯШо,1685571697549,1685571697549
744,3027,10,тЭдя╕П,1685739322035,1685739324678
745,3027,12,тЭдя╕П,1685739420657,1685739495908
746,3027,7,тЭдя╕П,1685739897695,1685739899771
747,3036,5,ЁЯШВ,1685740111653,1685740113646
748,3036,9,ЁЯШВ,1685740120116,1685740122100
749,3027,8,тЭдя╕П,1685740235013,1685740248854
750,3060,12,ЁЯШВ,1685745944012,1685745945920
751,3076,8,ЁЯШВ,1685765478441,1685765483756
752,3061,14,тЭдя╕П,1685787727192,1685787731257
753,3059,14,тЭдя╕П,1685787731262,1685787733310
754,3077,2,ЁЯШ░,1685801299903,1685801299903
755,3084,6,тЭдя╕П,1685805069899,1685805073239
756,3108,2,тЭдя╕П,1685821343091,1685821343091
757,3112,2,ЁЯдФ,1685822058138,1685822058138
758,3119,14,тЭдя╕П,1685888852643,1685888853624
759,3191,5,ЁЯШВ,1686052957915,1686053003599
760,3197,14,тА╝я╕П,1686053030756,1686053083619
761,3204,14,ЁЯШВ,1686053503346,1686053535887
762,3204,6,ЁЯСО,1686053520737,1686053535906
763,3213,14,ЁЯле,1686054808425,1686054857146
764,3204,12,ЁЯШВ,1686054848070,1686054857183
765,3213,6,ЁЯШо,1686054875785,1686054931823
766,3241,14,ЁЯОп,1686090300145,1686090299854
767,3248,10,ЁЯШВ,1686095120596,1686095121290
768,3248,7,тЭдя╕П,1686103165576,1686103167044
769,3249,12,тЭдя╕П,1686182497805,1686182498291
770,3264,8,ЁЯШо,1686183198344,1686183198211
771,3264,5,ЁЯШо,1686183226292,1686183226128
772,3270,12,ЁЯШв,1686184565400,1686184565680
773,3270,14,ЁЯШо,1686185003479,1686185003035
774,3270,7,ЁЯШо,1686191304047,1686191304490
775,3302,8,ЁЯШВ,1686517476417,1686517477939
776,3431,11,ЁЯСНЁЯП╗,1686595556630,1686595557035
777,3438,11,ЁЯШВ,1686595643119,1686595643552
778,3443,5,тЭдя╕П,1686604714429,1686604724484
779,3445,12,тЭдя╕П,1686604791443,1686604863795
780,3438,12,ЁЯШВ,1686615232396,1686615234063
781,3461,9,тЭдя╕П,1686618804217,1686618804781
782,3469,2,ЁЯдФ,1686668545273,1686668545273
783,3470,14,тЭдя╕П,1686742586968,1686742588030
784,3468,17,ЁЯСН,1686780995476,1686780996269
785,3478,2,тЭдя╕П,1686849552101,1686849552101
786,3478,8,тЭдя╕П,1686849583345,1686849583062
787,3478,14,тЭдя╕П,1686855347408,1686855348880
788,3480,14,тЭдя╕П,1686855354150,1686855353989
789,3500,6,тЭдя╕П,1686867848603,1686867849569
790,3512,7,тЭдя╕П,1687024247327,1687024247620
791,3512,9,тЭдя╕П,1687024291283,1687024291628
792,3512,6,тЭдя╕П,1687025386049,1687025396568
793,3512,12,тЭдя╕П,1687027553377,1687027554563
794,3516,8,тЭдя╕П,1687027620192,1687027620366
795,3518,6,ЁЯЩЕтАНтЩВя╕П,1687045350349,1687045351798
796,3525,7,ЁЯСН,1687121820294,1687121820603
797,3539,7,ЁЯСН,1687123631201,1687123632709
798,3545,7,тЭдя╕П,1687131440208,1687131440683
799,3550,8,ЁЯШВ,1687138190936,1687138199123
800,3550,5,ЁЯШо,1687138430487,1687138431134
801,3557,9,ЁЯСН,1687212052164,1687212149397
802,3564,9,тЭдя╕П,1687225685631,1687225686333
803,3579,8,ЁЯШВ,1687292360971,1687292411882
804,3586,14,ЁЯШВ,1687292548826,1687292599799
805,3617,7,ЁЯШо,1687358909916,1687358910949
806,3617,5,ЁЯШо,1687359053262,1687359054555
807,3617,12,тЭдя╕П,1687360879848,1687360881988
808,3620,9,ЁЯШВ,1687360928558,1687360929399
809,3617,14,тЭдя╕П,1687360934436,1687360935271
810,3620,14,ЁЯШВ,1687360937674,1687360938291
811,3620,12,ЁЯШВ,1687360938799,1687360939827
812,3623,7,тЭдя╕П,1687361804273,1687361805877
813,3625,7,тЭдя╕П,1687361810554,1687361811949
814,3623,14,тЭдя╕П,1687366144015,1687366145732
815,3625,14,тЭдя╕П,1687366150136,1687366150938
816,3623,12,тЭдя╕П,1687368610588,1687368611405
817,3629,10,тЭдя╕П,1687373284812,1687373287404
818,3635,7,тЭдя╕П,1687387331841,1687387332812
819,3631,14,ЁЯШВ,1687393469556,1687393471163
820,3645,2,ЁЯОЙ,1687521302383,1687521302383
821,3645,7,тЭдя╕П,1687522258640,1687522264065
822,3641,7,тЭдя╕П,1687522283987,1687522285969
823,3646,7,тЭдя╕П,1687525036730,1687525109218
824,3654,8,ЁЯШВ,1687531978054,1687531979237
825,3646,14,тЭдя╕П,1687539526352,1687539530131
826,3654,7,ЁЯШВ,1687540677863,1687540711319
827,3672,10,тА╝я╕П,1687540781014,1687540782293
828,3677,8,тЭдя╕П,1687546127636,1687546132898
829,3677,2,ЁЯЩП,1687546164718,1687546164718
830,3677,10,тЭдя╕П,1687546168793,1687546169966
831,3677,11,тЭдя╕П,1687546574214,1687546575404
832,3672,6,ЁЯСО,1687548066147,1687548071528
833,3674,6,тЭдя╕П,1687548069743,1687548071601
834,3677,7,тЭдя╕П,1687548541919,1687548723475
835,3684,5,ЁЯСН,1687550851987,1687550854400
836,3678,7,тЭдя╕П,1687551373577,1687551379786
837,3685,11,тЭдя╕П,1687551389265,1687551390961
838,3685,7,тЭдя╕П,1687551404032,1687551459211
839,3691,8,тЭдя╕П,1687551445145,1687551459273
840,3685,5,тЭдя╕П,1687551440438,1687551472871
841,3685,12,тЭдя╕П,1687556602474,1687556605844
842,3696,12,тЭдя╕П,1687556984996,1687556986373
843,3677,14,тЭдя╕П,1687557203097,1687557204838
844,3678,14,тЭдя╕П,1687557208309,1687557209410
845,3681,14,тЭдя╕П,1687557225791,1687557226961
846,3685,14,тЭдя╕П,1687557234028,1687557237387
847,3691,14,тЭдя╕П,1687557272344,1687557273611
848,3704,5,ЁЯШВ,1687561209066,1687561210249
849,3704,14,ЁЯШВ,1687566753693,1687566756468
850,3684,14,ЁЯСН,1687566775008,1687566776188
851,3704,2,ЁЯШВ,1687617753155,1687617753155
852,3684,8,ЁЯСН,1687633884198,1687633886565
853,3730,2,тЭдя╕П,1687745003240,1687745003240
854,3732,8,ЁЯШВ,1687802601662,1687802603505
855,3737,62,тЭдя╕П,1687802840040,1687802841827
856,3738,5,ЁЯШВ,1687802884817,1687802886468
857,3732,14,ЁЯШВ,1687864713770,1687864716523
858,3733,14,тЭдя╕П,1687864718502,1687864720387
859,3758,12,ЁЯШВ,1687915912303,1687915914293
860,3759,11,тЭдя╕П,1687915923392,1687915925175
861,3759,14,тЭдя╕П,1687917055129,1687917056966
862,3759,6,тЭдя╕П,1687917914388,1687917917879
863,3764,62,ЁЯШв,1687958669422,1687958671608
864,3769,8,ЁЯСЖ,1687958777527,1687958779640
865,3782,5,ЁЯСЖ,1687959595091,1687959597315
866,3782,11,тЭдя╕П,1687959691597,1687959693441
867,3787,7,тЭдя╕П,1687959718958,1687959721499
868,3788,11,ЁЯСО,1687959773651,1687959775524
869,3788,7,ЁЯСО,1687959799660,1687959801728
870,3788,8,ЁЯСО,1687959817401,1687959819265
871,3788,14,ЁЯСО,1687959989713,1687959992016
872,3807,10,ЁЯШВ,1687991956709,1687991960126
873,3807,5,ЁЯШВ,1687992399107,1687992401096
874,3801,14,ЁЯШВ,1688003115451,1688003118767
875,3806,14,ЁЯШВ,1688003139612,1688003141489
876,3807,14,ЁЯШВ,1688003145453,1688003147456
877,3810,14,ЁЯОп,1688003171571,1688003173522
878,3815,2,ЁЯШВ,1688074838025,1688074838025
879,3817,7,тЭдя╕П,1688090362983,1688090561184
880,3817,14,тЭдя╕П,1688093779083,1688093979016
881,3816,8,ЁЯШо,1688094462513,1688094569642
882,3827,7,тЭдя╕П,1688227012794,1688227232287
883,3828,11,ЁЯТи,1688228566896,1688228585736
884,3828,7,тЭдя╕П,1688229527158,1688229834705
885,3827,17,тЭдя╕П,1688248091306,1688248093177
886,3832,2,ЁЯзЩтАНтЩВя╕П,1688248763804,1688248763804
887,3833,7,ЁЯСО,1688315688593,1688315689298
888,3839,7,ЁЯСН,1688339642612,1688339644365
889,3850,11,ЁЯШН,1688419674093,1688419675584
890,3850,14,тЭдя╕П,1688423788317,1688423789674
892,3850,12,ЁЯШВ,1688428351018,1688428351236
893,3850,6,тЭдя╕П,1688430946038,1688430946631
894,3850,7,тЭдя╕П,1688444109544,1688444109725
895,3861,14,тЭдя╕П,1688490272775,1688490290300
896,3887,10,ЁЯШВ,1688601083552,1688601086615
897,3883,14,ЁЯШВ,1688601695826,1688601697817
898,3880,14,тЭдя╕П,1688601700216,1688601700649
899,3887,14,ЁЯШВ,1688601712977,1688601714670
900,3896,14,тЭдя╕П,1688602567021,1688602567367
901,3897,14,тЭдя╕П,1688602596672,1688602597129
902,3889,11,тЭдя╕П,1688602660279,1688602678861
903,3897,5,тЭдя╕П,1688602760213,1688602760667
904,3899,5,тЭдя╕П,1688602765039,1688602825798
905,3899,12,тЭдя╕П,1688602930066,1688602952969
906,3900,10,тЭдя╕П,1688607070617,1688607071096
907,3889,8,тЭдя╕П,1688608455397,1688608457329
908,3906,14,тЭдя╕П,1688609569036,1688609570455
909,3905,14,тЭдя╕П,1688609571968,1688609572310
910,3902,14,тЭдя╕П,1688642312032,1688642313443
911,3916,14,ЁЯШВ,1688753363693,1688753364761
912,3918,14,ЁЯШВ,1688755016595,1688755016679
913,3918,12,ЁЯШВ,1688757871271,1688757872998
914,3921,14,тА╝я╕П,1688847607470,1688847608663
915,3935,14,ЁЯШВ,1688848729191,1688848729458
916,3937,6,ЁЯСО,1688866089351,1688866092307
917,3940,14,ЁЯШВ,1688936391291,1688936400296
918,3943,14,ЁЯШВ,1688936399490,1688936400319
919,3968,11,тЭдя╕П,1688994964024,1688995154792
920,3970,11,ЁЯСНЁЯП╗,1688995963194,1688995963650
921,3971,7,ЁЯСН,1688996052568,1688996053983
922,3973,11,ЁЯСНЁЯП╗,1688996167989,1688996168372
923,3971,14,тЭдя╕П,1688996581318,1688996581676
924,3980,8,тЭдя╕П,1688996771018,1688996771297
925,3982,7,ЁЯШо,1689003718864,1689003723443
926,3983,2,ЁЯСА,1689005718500,1689005718500
927,3996,7,тЭдя╕П,1689035893962,1689035894354
928,3996,12,тЭдя╕П,1689035903722,1689035904135
929,4009,8,ЁЯСЖ,1689036132836,1689036133219
930,4010,6,тЭдя╕П,1689036155888,1689036156312
931,3996,5,тЭдя╕П,1689036730361,1689036731788
932,3996,14,тЭдя╕П,1689071010374,1689071012026
933,4026,8,тЭдя╕П,1689119616205,1689119616807
934,4026,12,тЭдя╕П,1689123651993,1689123698100
935,4026,5,тЭдя╕П,1689123851451,1689123852479
936,4064,2,ЁЯдФ,1689258034750,1689258034750
937,4066,8,тА╝я╕П,1689260794772,1689260795646
